filename,Diagonal,Horizontal,Horizontal_large,Rebar,Small crack,Vertical,Vertical_large,Web,X-shape
cropped_00724_jpg.rf.40409e721825847813b615c09b8730e2.jpg,0,1,0,0,0,0,0,0,0
cropped_119F��s݋s��5.jpg,0,1,0,0,0,0,0,0,0
cropped_113_jpg.rf.9e7e52031907d4a6dfa8c035e353b302.jpg,0,1,0,0,0,0,0,0,0
cropped_00735_jpg.rf.21ce1e683a04241ecc27ee2b6e84912d.jpg,0,1,0,0,0,0,0,0,0
cropped_262_yang_jpg.rf.c18630c6841c090a070b695c3b2f4eb6.jpg,0,1,0,0,0,0,0,0,0
cropped_119F��s݋s��3.jpg,0,1,0,0,0,0,0,0,0
cropped_CLD_016_jpg.rf.34012bb42bc1bd4eacf638c08e142b0c.jpg,0,1,0,0,0,0,0,0,0
cropped_CLD_021_jpg.rf.e6fa0ccf5fedcb1e39bd5c57b28c5f38.jpg,0,1,0,0,0,0,0,0,0
cropped_CLD_029_jpg.rf.c2f164a0cfe61cd3918b97c20f1bff7f.jpg,0,1,0,0,0,0,0,0,0
cropped_CLD_033_jpg.rf.9847640e477e04d3cfcaea5529db9076.jpg,0,1,0,0,0,0,0,0,0
cropped_124s++7F��s݋s��2.jpg,0,1,0,0,0,0,0,0,0
cropped_398F��32T��s݋s��3.jpg,0,1,0,0,0,0,0,0,0
cropped_CLD_044_jpg.rf.289eac754ac74c8ac246eafa3f194ce7.jpg,0,1,0,0,0,0,0,0,0
cropped_CLD_050_jpg.rf.5efda515beb5c386769d88d65803437b.jpg,0,1,0,0,0,0,0,0,0
cropped_CMDdh_000_jpg.rf.e7668ab094a8d29c27e05327275ba79d.jpg,0,1,0,0,0,0,0,0,0
cropped_CMDdh_003_jpg.rf.58f1f2d887eee969fbb95ff4e52d267f.jpg,0,1,0,0,0,0,0,0,0
cropped_69_jpg.rf.5911699c2ed1f3497b992c65f427b45e.jpg,0,1,0,0,0,0,0,0,0
cropped_CLD_035_jpg.rf.1a97387fcc5a0d03e85f30701b58271b.jpg,0,1,0,0,0,0,0,0,0
cropped_CMDdh_017_jpg.rf.125a2a542a91549509ecff60ecc42e5c.jpg,0,1,0,0,0,0,0,0,0
cropped_CLD_037_jpg.rf.a615b3a057838a0744e551e4bb9e02dc.jpg,0,1,0,0,0,0,0,0,0
cropped_CMDdh_040_jpg.rf.e29a67da04eaa5544634be3901638a86.jpg,0,1,0,0,0,0,0,0,0
cropped_CMDdh_041_jpg.rf.6d029b4b45fbea42250dac333a3c3415.jpg,0,1,0,0,0,0,0,0,0
cropped_CMDdh_042_jpg.rf.43a3e3e35984d9e0a9b967abe7f5c9d2.jpg,0,1,0,0,0,0,0,0,0
cropped_CMDdh_049_jpg.rf.200f5e1e979c1525f90825e65d7e71a5.jpg,0,1,0,0,0,0,0,0,0
cropped_CMDdh_001_jpg.rf.d8b843fa7d0049dcfb5ef972fce0ea42.jpg,0,1,0,0,0,0,0,0,0
cropped_CMDdh_010_jpg.rf.1751c7dffcff1a8057f56bacc8c902d2.jpg,0,1,0,0,0,0,0,0,0
cropped_CMDdh_032_jpg.rf.dc3c2ccd9941adad874831bfdbed679a.jpg,0,1,0,0,0,0,0,0,0
cropped_CMDdh_048_jpg.rf.6d696b423db80e884ef395be18456c84.jpg,0,1,0,0,0,0,0,0,0
cropped_CMDdh_052_jpg.rf.57232bfbe4baf982ad61baffdc7b1376.jpg,0,1,0,0,0,0,0,0,0
cropped_CMDdh_063_jpg.rf.681be95c543ed74e15647b7196328329.jpg,0,1,0,0,0,0,0,0,0
cropped_CMDdh_064_jpg.rf.d0a886225ef482449bc798bf36b4533c.jpg,0,1,0,0,0,0,0,0,0
cropped_CMDdh_067_jpg.rf.c97eca198c562184b8fcc0a1f722dd33.jpg,0,1,0,0,0,0,0,0,0
cropped_CMDdh_069_jpg.rf.7f3127fafd52bf45fba1830571612938.jpg,0,1,0,0,0,0,0,0,0
cropped_CMDdh_070_jpg.rf.b313401fa9907cf929c284e94537f1cd.jpg,0,1,0,0,0,0,0,0,0
cropped_CMDdh_072_jpg.rf.6ff29e35d2cf9a9647d2edc315b6bb73.jpg,0,1,0,0,0,0,0,0,0
cropped_CMDdh_053_jpg.rf.f5796a10db67cf7547471e04347676e9.jpg,0,1,0,0,0,0,0,0,0
cropped_CMDdh_058_jpg.rf.ee1be2dc11f1f7f1a185c191084d30b2.jpg,0,1,0,0,0,0,0,0,0
cropped_CMDdh_082_jpg.rf.58cbd8f5342e10f4b96ed6cb65479bc9.jpg,0,1,0,0,0,0,0,0,0
cropped_CMDdh_083_jpg.rf.600d6576e13dab80ef3f6f017b8e410b.jpg,0,1,0,0,0,0,0,0,0
cropped_CMDdh_086_jpg.rf.73447c8bbf4df3966585270bfb76ca11.jpg,0,1,0,0,0,0,0,0,0
cropped_CMDdh_088_jpg.rf.6e6fb5b8434972752e52ae772487734f.jpg,0,1,0,0,0,0,0,0,0
cropped_CMDdh_090_jpg.rf.988ef54c8cb98e9aba8440f05abd58b4.jpg,0,1,0,0,0,0,0,0,0
cropped_CMDdh_092_jpg.rf.2df0b5cc955d395fad3082d7b036bae3.jpg,0,1,0,0,0,0,0,0,0
cropped_CMDdh_062_jpg.rf.2b68e57956de5ccf3a8258c8e29be85f.jpg,0,1,0,0,0,0,0,0,0
cropped_CMDdh_071_jpg.rf.eb486353feda4f059b516e39aed4f529.jpg,0,1,0,0,0,0,0,0,0
cropped_CMDdh_076_jpg.rf.fd8607cf07cd5abe7a3dd8c1e49770e2.jpg,0,1,0,0,0,0,0,0,0
cropped_CMDdh_093_jpg.rf.a696dcfd8f26497a712d92defc38e2e4.jpg,0,1,0,0,0,0,0,0,0
cropped_CMDdh_099_jpg.rf.92792815b894daf405e8a97bcf7d7b60.jpg,0,1,0,0,0,0,0,0,0
cropped_CMDdh_105_jpg.rf.5278a202b29e550d501ea032b2e3ab79.jpg,0,1,0,0,0,0,0,0,0
cropped_CMDdh_107_jpg.rf.18cc4ca25421907a98b316a139ced138.jpg,0,1,0,0,0,0,0,0,0
cropped_CMDdh_109_jpg.rf.18c3ffb186b1a72e5e44892db68b6465.jpg,0,1,0,0,0,0,0,0,0
cropped_CMDdh_115_jpg.rf.892d3876fb698d40e6018fb0dba7cc99.jpg,0,1,0,0,0,0,0,0,0
cropped_CMDs_007_jpg.rf.18811f561ea958e98a0917e9eeb8ddbd.jpg,0,1,0,0,0,0,0,0,0
cropped_CMDs_012_jpg.rf.b6e3d95f3fcd019b9d4cb7416886dedc.jpg,0,1,0,0,0,0,0,0,0
cropped_CMDdh_094_jpg.rf.ca9931aacc67e078ce5e51d52b34038b.jpg,0,1,0,0,0,0,0,0,0
cropped_CMDdh_095_jpg.rf.711b5c62d4ffb085e14b92dcc12897e5.jpg,0,1,0,0,0,0,0,0,0
cropped_CMDv_013_jpg.rf.60712301c93cc33a429231389fdd7869.jpg,0,1,0,0,0,0,0,0,0
cropped_CMDdh_101_jpg.rf.320be7b35b05edefe1276d1ec5500165.jpg,0,1,0,0,0,0,0,0,0
cropped_CMDv_023_jpg.rf.eb86e8c4b547be849473b6faefa4a709.jpg,0,1,0,0,0,0,0,0,0
cropped_CMDv_003_jpg.rf.620d217182c9936e2a7f236b1a3d866c.jpg,0,1,0,0,0,0,0,0,0
cropped_CND_007_jpg.rf.6c699d6032ba0a2f7810ef43b46300d2.jpg,0,1,0,0,0,0,0,0,0
cropped_CMDv_010_jpg.rf.c22139663e821972bf3d8d2643e844bc.jpg,0,1,0,0,0,0,0,0,0
cropped_CND_054_jpg.rf.79dac432dfeaefc8b01ea288e401b137.jpg,0,1,0,0,0,0,0,0,0
cropped_CND_074_jpg.rf.fd79734a959000cc3a1b81a7fc973d27.jpg,0,1,0,0,0,0,0,0,0
cropped_CND_072_jpg.rf.1b40c1ca8b69f362b8c61ed961252122.jpg,0,1,0,0,0,0,0,0,0
cropped_CMDv_018_jpg.rf.352e9f0f236a61e6a4c470581cff2155.jpg,0,1,0,0,0,0,0,0,0
cropped_CND_022_jpg.rf.83e2063dcdb3283bde0573f8aa2d806e.jpg,0,1,0,0,0,0,0,0,0
cropped_CND_030_jpg.rf.88c5b3fcea45c5162c9c8f8313c87646.jpg,0,1,0,0,0,0,0,0,0
cropped_CSD_063_jpg.rf.0cf054f55d2db757bc710c0db3f75372.jpg,0,1,0,0,0,0,0,0,0
cropped_CSD_081_jpg.rf.da7d72321da2b0ae2a40f3c0c27f28a2.jpg,0,1,0,0,0,0,0,0,0
cropped_CSD_091_jpg.rf.35a7c68cefa490232c9223699ad90de2.jpg,0,1,0,0,0,0,0,0,0
cropped_CSD_278_jpg.rf.5a36a47d2fe6a4ae67b0fd5ad28bc72d.jpg,0,1,0,0,0,0,0,0,0
cropped_CSD_276_jpg.rf.f220d065dcd04b9829d50c4a2c626676.jpg,0,1,0,0,0,0,0,0,0
cropped_CND_084_jpg.rf.86aab8ea92da57b884d275aa8ec031ee.jpg,0,1,0,0,0,0,0,0,0
cropped_CSD_007_jpg.rf.4a00c588bfc29bf394fc16f197cc10b4.jpg,0,1,0,0,0,0,0,0,0
cropped_CSD_032_jpg.rf.eeb43de805721d016937064cf9416d7e.jpg,0,1,0,0,0,0,0,0,0
cropped_data_1_ringan-18-_jpg.rf.4870a9a02382dac056d7edc988263068.jpg,0,1,0,0,0,0,0,0,0
cropped_DSC_0050_JPG_jpg.rf.78066483875d5b7cdef76823f0d93f86.jpg,0,1,0,0,0,0,0,0,0
cropped_DSC_0019_JPG.rf.2c0dbad09b976c7903281172c1da068a.jpg,0,1,0,0,0,0,0,0,0
cropped_DSC_0020_JPG_jpg.rf.2e802f9211c5108d9498792f73040fdf.jpg,0,1,0,0,0,0,0,0,0
cropped_DSC_00360_JPG_jpg.rf.099a111f06be9c0d128d0437f0373176.jpg,0,1,0,0,0,0,0,0,0
cropped_DSC_0059_JPG.rf.7144ec4c3a8a8f758586c0e460ed73d5.jpg,0,1,0,0,0,0,0,0,0
cropped_DSC_0059_JPG_jpg.rf.b8df2aa59f87a37b7756892194146f8e.jpg,0,1,0,0,0,0,0,0,0
cropped_DSC_00604_JPG_jpg.rf.270f243fff3a7e0105efd17c64d59640.jpg,0,1,0,0,0,0,0,0,0
cropped_DSC_0083.jpg,0,1,0,0,0,0,0,0,0
cropped_DSC_0085_JPG.rf.bb55d6297f99d6432be8143817cc540f.jpg,0,1,0,0,0,0,0,0,0
cropped_DSC_0086 - Copy.jpg,0,1,0,0,0,0,0,0,0
cropped_DSC_0196.jpg,0,1,0,0,0,0,0,0,0
cropped_DSC_01023_JPG.rf.29b69904385f657c9fbcd850bbdf0e1e.jpg,0,1,0,0,0,0,0,0,0
cropped_DSC_01034_JPG_jpg.rf.f0ee4753341dd7bc2ad2b29822eeae23.jpg,0,1,0,0,0,0,0,0,0
cropped_DSC_01295_JPG.rf.25036fcabc8c95b823f2e9066499f1af.jpg,0,1,0,0,0,0,0,0,0
cropped_DSC_0334_JPG.rf.12e6a33a5499693d0c5e234c7958cd2c.jpg,0,1,0,0,0,0,0,0,0
cropped_DSC_0289.jpg,0,1,0,0,0,0,0,0,0
cropped_DSC_03050_JPG.rf.18380f8d377ccf3439ce6f9149b736f2.jpg,0,1,0,0,0,0,0,0,0
cropped_DSC_0329.jpg,0,1,0,0,0,0,0,0,0
cropped_DSC_0334_JPG_jpg.rf.751824ee174b98f07ba26eedd06c5b16.jpg,0,1,0,0,0,0,0,0,0
cropped_DSC_0370.jpg,0,1,0,0,0,0,0,0,0
cropped_DSC_0341 - Copy.jpg,0,1,0,0,0,0,0,0,0
cropped_DSC_0406.jpg,0,1,0,0,0,0,0,0,0
cropped_DSC_0411.jpg,0,1,0,0,0,0,0,0,0
cropped_DSC_0416.jpg,0,1,0,0,0,0,0,0,0
cropped_DSC_0417.jpg,0,1,0,0,0,0,0,0,0
cropped_DSC_0438.jpg,0,1,0,0,0,0,0,0,0
cropped_DSC_0512_JPG.rf.d7bb70d362d6efaa7a8afd9f99ccae23.jpg,0,1,0,0,0,0,0,0,0
cropped_DSC_0514.jpg,0,1,0,0,0,0,0,0,0
cropped_DSC_0335_JPG.rf.d06b76767303506009f9706c74d6c553.jpg,0,1,0,0,0,0,0,0,0
cropped_DSC_0330_JPG.rf.778007b3fe2d9d01ca62077bed3de4e1.jpg,0,1,0,0,0,0,0,0,0
cropped_DSC_0755.jpg,0,1,0,0,0,0,0,0,0
cropped_DSC_0782.jpg,0,1,0,0,0,0,0,0,0
cropped_DSC_0788_JPG_jpg.rf.73f04737ed5696dac17402b726452033.jpg,0,1,0,0,0,0,0,0,0
cropped_DSC_0393_JPG_jpg.rf.5f5450ffa6ce825ba8eda928933935bf.jpg,0,1,0,0,0,0,0,0,0
cropped_e9d9c98a-c147-441f-84db-fb623c1bc47a_jpg.rf.5aa1fc481f0107aaf0760392e7938aab.jpg,0,1,0,0,0,0,0,0,0
cropped_image108_jpg.rf.136aee771e18095299f0fc0e6a222e71.jpg,0,1,0,0,0,0,0,0,0
cropped_image113_jpg.rf.fcde690327d7fdbe11f92a6b26937fe2.jpg,0,1,0,0,0,0,0,0,0
cropped_image1557_jpg.rf.799294a517d93703c68b87a4667de22f.jpg,0,1,0,0,0,0,0,0,0
cropped_image346_jpg.rf.fd818f8af51d977f429e84e6b5114af3.jpg,0,1,0,0,0,0,0,0,0
cropped_DSC_0458.jpg,0,1,0,0,0,0,0,0,0
cropped_IMG_1768.jpg,0,1,0,0,0,0,0,0,0
cropped_DSC_0733_JPG.rf.3f8a3977ff37e00de5672e99c665fd90.jpg,0,1,0,0,0,0,0,0,0
cropped_DSC_0988.jpg,0,1,0,0,0,0,0,0,0
cropped_IMG_20181020_085858.jpg,0,1,0,0,0,0,0,0,0
cropped_IMG_1348.jpg,0,1,0,0,0,0,0,0,0
cropped_IMG_7390.jpg,0,1,0,0,0,0,0,0,0
cropped_IMG_8016_JPG_jpg.rf.1d8b44b71be6ad7f91e2b168fc0de8cc.jpg,0,1,0,0,0,0,0,0,0
cropped_IMG_8490.jpg,0,1,0,0,0,0,0,0,0
cropped_IMG_9246_JPG.rf.afadce62af985f70d80a26600f400c9c.jpg,0,1,0,0,0,0,0,0,0
cropped_IMG_1778.jpg,0,1,0,0,0,0,0,0,0
cropped_IMG_9250_JPG_jpg.rf.f0a182cc11cc128e7e9646e6f526402a.jpg,0,1,0,0,0,0,0,0,0
cropped_IMG_1781.jpg,0,1,0,0,0,0,0,0,0
cropped_IMG_4761_JPG.rf.0b99d706f1625424808f05f67f234cf1.jpg,0,1,0,0,0,0,0,0,0
cropped_IMG_9246_JPG_jpg.rf.d10feaf4c7e55456455f5b047bb559d9.jpg,0,1,0,0,0,0,0,0,0
cropped_211404.jpg,0,0,1,0,0,0,0,0,0
cropped_245_jpg.rf.a8f7c873839529b6ee69acf12496ffa3.jpg,0,0,1,0,0,0,0,0,0
cropped_CMDdh_026_jpg.rf.1b1bd068c74e255466a7da32b88e1e37.jpg,0,0,1,0,0,0,0,0,0
cropped_CMDdh_079_jpg.rf.13fe893c806d054b782f3a3b68621a8c.jpg,0,0,1,0,0,0,0,0,0
cropped_CMDdh_100_jpg.rf.3a56977a6c0e2ad644c7348311292616.jpg,0,0,1,0,0,0,0,0,0
cropped_CSD_051_jpg.rf.6201779bc08bbcb75b5500dd4fe5671a.jpg,0,0,1,0,0,0,0,0,0
cropped_CSD_055_jpg.rf.76cf94bf97c2b720e21ecec6b4e9cd36.jpg,0,0,1,0,0,0,0,0,0
cropped_DSC_0066.jpg,0,0,1,0,0,0,0,0,0
cropped_DSC_0273.jpg,0,0,1,0,0,0,0,0,0
cropped_DSC_03130_JPG.rf.c9af9b9db2e9a35767a6aa50ee9a1934.jpg,0,0,1,0,0,0,0,0,0
cropped_DSC_0590 - Copy.jpg,0,0,1,0,0,0,0,0,0
cropped_DSC_0925.jpg,0,0,1,0,0,0,0,0,0
cropped_DSC_0921.jpg,0,0,1,0,0,0,0,0,0
cropped_DSC_0923.jpg,0,0,1,0,0,0,0,0,0
cropped_IMAG0624.jpg,0,0,1,0,0,0,0,0,0
cropped_DSC_0928.jpg,0,0,1,0,0,0,0,0,0
cropped_image1247_jpg.rf.0556ad6645b6541bcca3b2496dd252a2.jpg,0,0,1,0,0,0,0,0,0
cropped_image1923_jpg.rf.1b80c594557a631ab4a59d22c4fe9fc4.jpg,0,0,1,0,0,0,0,0,0
cropped_image2283_jpg.rf.fb2aeec5ebff71d0ac4dc66ee7b9fb88.jpg,0,0,1,0,0,0,0,0,0
cropped_image2418_jpg.rf.c747556620465a2ade644c2858f1cc23.jpg,0,0,1,0,0,0,0,0,0
cropped_image399_jpg.rf.faed46e666cf68a50237b4631e33ea16.jpg,0,0,1,0,0,0,0,0,0
cropped_IMG_5479_JPG.rf.f65c10c2c01fcf6a74d05b9765d61628.jpg,0,0,1,0,0,0,0,0,0
cropped_IMG_8264.jpg,0,0,1,0,0,0,0,0,0
cropped_IMG_9234_JPG.rf.ddc26622ee39f262f72a6f533c961ebd.jpg,0,0,1,0,0,0,0,0,0
cropped_00086_jpg.rf.a3c6be733244d902a86c66d5ccb4e5c8.jpg,0,0,0,0,0,1,0,0,0
cropped_129_jpg.rf.2220c7f7973cba820135c026acb9f5b0.jpg,0,0,0,0,0,1,0,0,0
cropped_CLD_000_jpg.rf.057e703fcfe61dacfc181b0bafab3e20.jpg,0,0,0,0,0,1,0,0,0
cropped_CLD_005_jpg.rf.c492ceedeb9d9e528baa2358b70449a5.jpg,0,0,0,0,0,1,0,0,0
cropped_CLD_010_jpg.rf.af3b508fc756f769ccb6ffe1ec878e22.jpg,0,0,0,0,0,1,0,0,0
cropped_CLD_011_jpg.rf.c1750f64662b3bc3b987d88525e8080f.jpg,0,0,0,0,0,1,0,0,0
cropped_CLD_014_jpg.rf.b7ace753fe607763f959f9731084bbe4.jpg,0,0,0,0,0,1,0,0,0
cropped_CLD_015_jpg.rf.38fccbd950ce571a6514e9355f30953f.jpg,0,0,0,0,0,1,0,0,0
cropped_CLD_017_jpg.rf.fdfbb702a6c07684654cc54597058cbc.jpg,0,0,0,0,0,1,0,0,0
cropped_CLD_018_jpg.rf.1cbaf725ef4c06fe00328a4bae690121.jpg,0,0,0,0,0,1,0,0,0
cropped_CLD_019_jpg.rf.5941bfcbbd0db9fb83b7bc44fa2ee72d.jpg,0,0,0,0,0,1,0,0,0
cropped_CLD_024_jpg.rf.5d17121cff256ed17047a1594fa597a4.jpg,0,0,0,0,0,1,0,0,0
cropped_CLD_020_jpg.rf.d0305af54cd881aff1c862c6ab17ded3.jpg,0,0,0,0,0,1,0,0,0
cropped_CLD_022_jpg.rf.0e74b32046061ce4629783644563f2bf.jpg,0,0,0,0,0,1,0,0,0
cropped_CLD_023_jpg.rf.930fa37fdeb2dd40ac139e3b83502ac3.jpg,0,0,0,0,0,1,0,0,0
cropped_CLD_025_jpg.rf.75e839af6791586a056a517dca8c199e.jpg,0,0,0,0,0,1,0,0,0
cropped_CLD_026_jpg.rf.d0e38f8f78f4415952ebec25be90df2b.jpg,0,0,0,0,0,1,0,0,0
cropped_CLD_034_jpg.rf.994d457c772307af929d5b75d660aa9a.jpg,0,0,0,0,0,1,0,0,0
cropped_CLD_036_jpg.rf.33b23b92a5e412494e6f4cc490cb35b6.jpg,0,0,0,0,0,1,0,0,0
cropped_CLD_039_jpg.rf.54fecb6aae8123e16048b62b8d9b8f8c.jpg,0,0,0,0,0,1,0,0,0
cropped_CLD_040_jpg.rf.2430231a12ec80bc2dca57a12a78c128.jpg,0,0,0,0,0,1,0,0,0
cropped_CLD_042_jpg.rf.f7c7e4ff0698234437ab0648344924be.jpg,0,0,0,0,0,1,0,0,0
cropped_CLD_045_jpg.rf.6775b55abc0de10b9dee99fb3476e4be.jpg,0,0,0,0,0,1,0,0,0
cropped_CLD_046_jpg.rf.41d289eab7d756117d950737e76581c5.jpg,0,0,0,0,0,1,0,0,0
cropped_CLD_049_jpg.rf.f5d7a0f72b902e7177f82686a34c47af.jpg,0,0,0,0,0,1,0,0,0
cropped_CLD_052_jpg.rf.b21915e55da3d074a1ee26d2b1e06e38.jpg,0,0,0,0,0,1,0,0,0
cropped_CLD_054_jpg.rf.a893dff1692351cb39232e25c5685854.jpg,0,0,0,0,0,1,0,0,0
cropped_CLD_056_jpg.rf.756bba71a5790eeff0556f496d82fa0a.jpg,0,0,0,0,0,1,0,0,0
cropped_CMDdh_004_jpg.rf.879a5cf5f41991e93ac63ca901acf5ab.jpg,0,0,0,0,0,1,0,0,0
cropped_CMDdh_018_jpg.rf.d2a7123bf9cc4e6816ffaef484fb96c1.jpg,0,0,0,0,0,1,0,0,0
cropped_CMDdh_019_jpg.rf.f1f4211aae3a4395d9b7b498e622ccc7.jpg,0,0,0,0,0,1,0,0,0
cropped_CMDdh_089_jpg.rf.3a19b6dddd181157c18b0f12f5aa3feb.jpg,0,0,0,0,0,1,0,0,0
cropped_CMDv_002_jpg.rf.ac4b7e9d374d7fbd2686d60455aefccc.jpg,0,0,0,0,0,1,0,0,0
cropped_CMDv_009_jpg.rf.6136121dffb719d62fbb3b0d9085dc62.jpg,0,0,0,0,0,1,0,0,0
cropped_CMDv_014_jpg.rf.da05ef1c6110e23a1716c9277dfdc318.jpg,0,0,0,0,0,1,0,0,0
cropped_CMDv_015_jpg.rf.2275634731ca75709047551e445b994b.jpg,0,0,0,0,0,1,0,0,0
cropped_CMDv_019_jpg.rf.2683f8586923666270321ee2b956a351.jpg,0,0,0,0,0,1,0,0,0
cropped_CSD_020_jpg.rf.f4c3b6cd70162b63c0de0b5971f2cd92.jpg,0,0,0,0,0,1,0,0,0
cropped_DSC08626_JPG_jpg.rf.4ed6d9256d4c509cde673cb1f58c2619.jpg,0,0,0,0,0,1,0,0,0
cropped_DSC_0028_JPG.rf.999b0b2bacdddb2900b320ce82e88446.jpg,0,0,0,0,0,1,0,0,0
cropped_DSC_01198_JPG.rf.3a7b330c395559851ae58cf5c24b0a7d.jpg,0,0,0,0,0,1,0,0,0
cropped_DSC_01211_JPG_jpg.rf.9c1e01b3398941667872a142c1357e2f.jpg,0,0,0,0,0,1,0,0,0
cropped_DSC_0360_JPG_jpg.rf.2a89c3e769a59493e4b65591584c451f.jpg,0,0,0,0,0,1,0,0,0
cropped_DSC_0406_JPG_jpg.rf.30b9393a0f66870c902700fc18f67821.jpg,0,0,0,0,0,1,0,0,0
cropped_DSC_0464_JPG_jpg.rf.fed30ea08f819879e0b4618c33bcc46f.jpg,0,0,0,0,0,1,0,0,0
cropped_DSC_0466_JPG_jpg.rf.ba6c6a73cef7c79075cce14f1658b4fb.jpg,0,0,0,0,0,1,0,0,0
cropped_DSC_0604_JPG.rf.e250563b6eda8babf744b6ad77ade83e.jpg,0,0,0,0,0,1,0,0,0
cropped_DSC_3284.jpg,0,0,0,0,0,1,0,0,0
cropped_IMG_0255.jpg,0,0,0,0,0,1,0,0,0
cropped_001182_jpg.rf.ba4933bafc3af3a80a63ff6b340d3fcf.jpg,0,0,0,0,0,0,1,0,0
cropped_00026_jpg.rf.be21ec7b06a1c6e0126fc754ec4b2dd3.jpg,0,0,0,0,0,0,1,0,0
cropped_00150_jpg.rf.4810529088a715d173bf8cb0d0046fbf.jpg,0,0,0,0,0,0,1,0,0
cropped_00293_jpg.rf.a311a0ece8cb118baef963c171488389.jpg,0,0,0,0,0,0,1,0,0
cropped_00729_jpg.rf.e2fdd1459623f80cfe7a9c8388926717.jpg,0,0,0,0,0,0,1,0,0
cropped_121_jpg.rf.32ad29ac7a000545857e1a6ae685066a.jpg,0,0,0,0,0,0,1,0,0
cropped_140_jpg.rf.33f83057e3e0860199b270e43dcb0efa.jpg,0,0,0,0,0,0,1,0,0
cropped_113_jpg.rf.8c6d3ad611d9e6ba701807344d929c5c.jpg,0,0,0,0,0,0,1,0,0
cropped_107_jpg.rf.5115a505a2f586b804bd1c24a8251e23.jpg,0,0,0,0,0,0,1,0,0
cropped_214_jpg.rf.cd559ccefe5e7aaf90b0287698726aba.jpg,0,0,0,0,0,0,1,0,0
cropped_36_jpg.rf.3c5c056c2cdbbc2d00eafd32447ba427.jpg,0,0,0,0,0,0,1,0,0
cropped_3_jpg.rf.9239d9486abed5d16e95a158b08478f3.jpg,0,0,0,0,0,0,1,0,0
cropped_4_jpg.rf.bc4aa30d816f3e54350227117e405360.jpg,0,0,0,0,0,0,1,0,0
cropped_78_jpg.rf.33366d00cd35142da3cd83c3b195e059.jpg,0,0,0,0,0,0,1,0,0
cropped_93_jpg.rf.7bf75e4cafcbce42f19eddad2156a25f.jpg,0,0,0,0,0,0,1,0,0
cropped_126_jpg.rf.1c3244d9f5764a1e6e65bdf1fda8be00.jpg,0,0,0,0,0,0,1,0,0
cropped_CMDdh_028_jpg.rf.916c6952c30ee8dbcf98484cb62c0d6e.jpg,0,0,0,0,0,0,1,0,0
cropped_CMDdh_044_jpg.rf.cecb491f21a6fd2b0973b7af11f0fa79.jpg,0,0,0,0,0,0,1,0,0
cropped_CMDdh_084_jpg.rf.8045b2806388d30e021e2736c8842398.jpg,0,0,0,0,0,0,1,0,0
cropped_CMDdh_065_jpg.rf.3507eeb0f627fd3b874294f23a8a22bd.jpg,0,0,0,0,0,0,1,0,0
cropped_CMDs_011_jpg.rf.d410f014346daa61206b0ed895dca928.jpg,0,0,0,0,0,0,1,0,0
cropped_CMDv_000_jpg.rf.03dfefa3a99f305b8dcc07e2e5792694.jpg,0,0,0,0,0,0,1,0,0
cropped_176_jpg.rf.89aae3706655d6933b6b16e0204ea7c9.jpg,0,0,0,0,0,0,1,0,0
cropped_CMDv_005_jpg.rf.7366fab2f3bd2a40a7eb093c7dd973e3.jpg,0,0,0,0,0,0,1,0,0
cropped_CMDv_006_jpg.rf.1a09f992a5bf5f68b92f7554b166f36e.jpg,0,0,0,0,0,0,1,0,0
cropped_CMDv_007_jpg.rf.b62e1cf2c11bcb2903ffc82851f63182.jpg,0,0,0,0,0,0,1,0,0
cropped_CMDv_021_jpg.rf.4a3924658cca6ed90a2038d57f8b4303.jpg,0,0,0,0,0,0,1,0,0
cropped_211410.jpg,0,0,0,0,0,0,1,0,0
cropped_CLD_053_jpg.rf.910faf77d5799920c06a3f6008b4e5e6.jpg,0,0,0,0,0,0,1,0,0
cropped_CMDv_004_jpg.rf.8e354fbfb30b83984ee6b26623bcd279.jpg,0,0,0,0,0,0,1,0,0
cropped_CND_041_jpg.rf.2b2d181613cf6857e0a178b8a59e684e.jpg,0,0,0,0,0,0,1,0,0
cropped_CMDv_012_jpg.rf.0e50ae7d97c1132d877b7c572ebf9549.jpg,0,0,0,0,0,0,1,0,0
cropped_CMDv_027_jpg.rf.6e2dec997811908ce8193db065ba976b.jpg,0,0,0,0,0,0,1,0,0
cropped_CMDv_030_jpg.rf.08c55be29a86dfce02fc32bfc543a539.jpg,0,0,0,0,0,0,1,0,0
cropped_CSD_042_jpg.rf.6081113ec2abd4bf40a801ed8f5ba835.jpg,0,0,0,0,0,0,1,0,0
cropped_CSD_209_jpg.rf.d1ccaecd1fa8b59549a2b910acf4e173.jpg,0,0,0,0,0,0,1,0,0
cropped_CSD_216_jpg.rf.cd8f34319aabd77d277ed04943a7106e.jpg,0,0,0,0,0,0,1,0,0
cropped_CSD_062_jpg.rf.897c97f2dcd4c981aa8cbe9eda44b40c.jpg,0,0,0,0,0,0,1,0,0
cropped_CSD_079_jpg.rf.bf03e1257bd90dcbe7b6f0a7ccecc252.jpg,0,0,0,0,0,0,1,0,0
cropped_CSD_088_jpg.rf.e10f51c713ceed391f76eb34b48a16a1.jpg,0,0,0,0,0,0,1,0,0
cropped_CSD_225_jpg.rf.0cc71dfc43f6d3f9ef19bed4baf30bd7.jpg,0,0,0,0,0,0,1,0,0
cropped_CSD_220_jpg.rf.ea8efd4d161deddb1ef724d20871f5d6.jpg,0,0,0,0,0,0,1,0,0
cropped_CSD_249_jpg.rf.5456301b69c2837e58c18c090a5dba1a.jpg,0,0,0,0,0,0,1,0,0
cropped_CSD_253_jpg.rf.0587b366e600adae54d70638738e7582.jpg,0,0,0,0,0,0,1,0,0
cropped_CSD_260_jpg.rf.1c0490e0023d9b96690e02856af757cd.jpg,0,0,0,0,0,0,1,0,0
cropped_CSD_283_jpg.rf.7bb22cea9c2a898c7244b343bf1e6855.jpg,0,0,0,0,0,0,1,0,0
cropped_CSD_284_jpg.rf.a254f3e197ec104443477d16ae83f458.jpg,0,0,0,0,0,0,1,0,0
cropped_CSD_285_jpg.rf.14b22aa95b5fb79f444bb26365dfd548.jpg,0,0,0,0,0,0,1,0,0
cropped_CSD_286_jpg.rf.17f3213d9c5478114dec936cec3c316c.jpg,0,0,0,0,0,0,1,0,0
cropped_CSD_287_jpg.rf.6bd4efd270ca76a50610f14cdf72480d.jpg,0,0,0,0,0,0,1,0,0
cropped_CSD_221_jpg.rf.40155fd46f7d034883be9fe3087d5273.jpg,0,0,0,0,0,0,1,0,0
cropped_CSD_250_jpg.rf.08868829bf23e19118a81c664a49d1f9.jpg,0,0,0,0,0,0,1,0,0
cropped_CSD_251_jpg.rf.5c4cdf753f8ce6383f8289d3a7e1c8a1.jpg,0,0,0,0,0,0,1,0,0
cropped_CSD_299_jpg.rf.16e7a193f0944d3ed50008eea358b277.jpg,0,0,0,0,0,0,1,0,0
cropped_CSD_308_jpg.rf.ca06f9b19e6633876f6f14c0b778ab71.jpg,0,0,0,0,0,0,1,0,0
cropped_CSD_309_jpg.rf.53209a68c37dc4b561cf1033945e4aad.jpg,0,0,0,0,0,0,1,0,0
cropped_data_1_ringan-1-_jpeg.rf.c6d56718bf7e663018815c50a1d5f3b1.jpg,0,0,0,0,0,0,1,0,0
cropped_CSD_310_jpg.rf.6831468a830f06ebf4a6f878bfbd41ea.jpg,0,0,0,0,0,0,1,0,0
cropped_data_1_ringan-5-_jpg.rf.003f3e09e2bc5e5a7ab8f5454a918e34.jpg,0,0,0,0,0,0,1,0,0
cropped_data_2_sedang-17-_jpg.rf.cf22a32d0972e3f95d847d7cbe5a2fdb.jpg,0,0,0,0,0,0,1,0,0
cropped_CSD_304_jpg.rf.35aad07b975cf925418027d514014cfb.jpg,0,0,0,0,0,0,1,0,0
cropped_CSD_302_jpg.rf.781dde83605b2f480c27a585f6d7c893.jpg,0,0,0,0,0,0,1,0,0
cropped_CSD_306_jpg.rf.f88ae18d92f95d705146b8eaf9d04a58.jpg,0,0,0,0,0,0,1,0,0
cropped_data_2_sedang-24-_jpg.rf.5b6b659fa277ce14ac8a80b80041df76.jpg,0,0,0,0,0,0,1,0,0
cropped_DSC_0022_JPG.rf.1e813afd71953249739c98777d016026.jpg,0,0,0,0,0,0,1,0,0
cropped_data_2_sedang-6-_jpg.rf.a94e3d1a0e1cf0df3c5a0bbbb3c1d1b7.jpg,0,0,0,0,0,0,1,0,0
cropped_DSC_00341_JPG.rf.ae5e735eb22732347165c0bd1c61e65a.jpg,0,0,0,0,0,0,1,0,0
cropped_DSC_0033_JPG_jpg.rf.ce680f2b5400ae716fb86cd44d04f1aa.jpg,0,0,0,0,0,0,1,0,0
cropped_DSC_00381_JPG.rf.8ed4b6243fc5ff0ac010c6baa25e0cab.jpg,0,0,0,0,0,0,1,0,0
cropped_DSC_0040.jpg,0,0,0,0,0,0,1,0,0
cropped_data_2_sedang-7-_jpeg.rf.caebbba10e63b5147a5a2aaf737d1cd1.jpg,0,0,0,0,0,0,1,0,0
cropped_DSC_00719_JPG.rf.d8f47fa351099ef54697f3df8487d104.jpg,0,0,0,0,0,0,1,0,0
cropped_DSC08627.jpg,0,0,0,0,0,0,1,0,0
cropped_DSC_0033_JPG.rf.e5c278b46c987ba846fd8f74b1b08f3f.jpg,0,0,0,0,0,0,1,0,0
cropped_DSC_0068.jpg,0,0,0,0,0,0,1,0,0
cropped_DSC_0112.jpg,0,0,0,0,0,0,1,0,0
cropped_DSC_0129_JPG.rf.858c013ab384b037cdd9dcf36704ee88.jpg,0,0,0,0,0,0,1,0,0
cropped_DSC_0205_JPG.rf.e75342e2f6968d0af932b351c05c83de.jpg,0,0,0,0,0,0,1,0,0
cropped_DSC_00910_JPG_jpg.rf.b64d1e645cb8ac87c618700996037e20.jpg,0,0,0,0,0,0,1,0,0
cropped_DSC_02192_JPG.rf.12085b638477b4166e32c036cbdd0263.jpg,0,0,0,0,0,0,1,0,0
cropped_DSC_02192_JPG_jpg.rf.656c48f919b3496fd71ab863b322c212.jpg,0,0,0,0,0,0,1,0,0
cropped_DSC_0236_JPG_jpg.rf.9ec8bbbcf2e646b64d58bdbd3ddf1175.jpg,0,0,0,0,0,0,1,0,0
cropped_DSC_0245.jpg,0,0,0,0,0,0,1,0,0
cropped_DSC_0308.jpg,0,0,0,0,0,0,1,0,0
cropped_DSC_0291.jpg,0,0,0,0,0,0,1,0,0
cropped_DSC_0102.jpg,0,0,0,0,0,0,1,0,0
cropped_DSC_0123_JPG.rf.4698c98a62588721eeb81ae9c1e627a6.jpg,0,0,0,0,0,0,1,0,0
cropped_DSC_0213.jpg,0,0,0,0,0,0,1,0,0
cropped_DSC_0393.jpg,0,0,0,0,0,0,1,0,0
cropped_DSC_0395.jpg,0,0,0,0,0,0,1,0,0
cropped_DSC_0327_JPG.rf.9cca215f4864d84e19cfea6f266ec7e5.jpg,0,0,0,0,0,0,1,0,0
cropped_DSC_0426.jpg,0,0,0,0,0,0,1,0,0
cropped_DSC_0328.jpg,0,0,0,0,0,0,1,0,0
cropped_DSC_0391_JPG_jpg.rf.54e81c445dbb284a5c1d2d0fb9e26184.jpg,0,0,0,0,0,0,1,0,0
cropped_DSC_0399.jpg,0,0,0,0,0,0,1,0,0
cropped_DSC_0432_JPG_jpg.rf.450aa670d236f7c773043b3bc619a0eb.jpg,0,0,0,0,0,0,1,0,0
cropped_DSC_0433.jpg,0,0,0,0,0,0,1,0,0
cropped_DSC_0452.jpg,0,0,0,0,0,0,1,0,0
cropped_DSC_0469.jpg,0,0,0,0,0,0,1,0,0
cropped_DSC_0699.jpg,0,0,0,0,0,0,1,0,0
cropped_DSC_0700.jpg,0,0,0,0,0,0,1,0,0
cropped_DSC_0703.jpg,0,0,0,0,0,0,1,0,0
cropped_DSC_0591 - Copy.jpg,0,0,0,0,0,0,1,0,0
cropped_DSC_0783.jpg,0,0,0,0,0,0,1,0,0
cropped_DSC_0784.jpg,0,0,0,0,0,0,1,0,0
cropped_e71fb373-6d59-4e38-844c-81bcfb50fcb4_jpg.rf.4a86a2b32e3b73c3d0c182fe428a98b9.jpg,0,0,0,0,0,0,1,0,0
cropped_IMAG0627.jpg,0,0,0,0,0,0,1,0,0
cropped_image1108_jpg.rf.44726cad7f6479df8aa85950ae1702ca.jpg,0,0,0,0,0,0,1,0,0
cropped_image1204_jpg.rf.c5173c533d9d598af34b068f9e6d8bda.jpg,0,0,0,0,0,0,1,0,0
cropped_image1445_jpg.rf.2e934818a501385034b26730af39a079.jpg,0,0,0,0,0,0,1,0,0
cropped_DSC_0599.jpg,0,0,0,0,0,0,1,0,0
cropped_DSC_0698.jpg,0,0,0,0,0,0,1,0,0
cropped_DSC_0758.jpg,0,0,0,0,0,0,1,0,0
cropped_image1807_jpg.rf.7f254a3ecee4322b49e038a5ad69ca85.jpg,0,0,0,0,0,0,1,0,0
cropped_image1807_jpg.rf.ba4135e35d975bee646a7c9422a3ba68.jpg,0,0,0,0,0,0,1,0,0
cropped_image1964_jpg.rf.8cdc2b9712909a58f6d94f19bd9efd75.jpg,0,0,0,0,0,0,1,0,0
cropped_image2111_jpg.rf.9f03bf41d19f01cfb313315a0dbf48af.jpg,0,0,0,0,0,0,1,0,0
cropped_image2376_jpg.rf.8a80b3a185e0d33aa6b80d4c7053e970.jpg,0,0,0,0,0,0,1,0,0
cropped_image258_jpg.rf.295221b8f3e678f8f51adace3f56c7ab.jpg,0,0,0,0,0,0,1,0,0
cropped_image391_jpg.rf.905c5ba0a1a6c060395ec5e0200140f4.jpg,0,0,0,0,0,0,1,0,0
cropped_image650_jpg.rf.da3b4cf66c9ed728ca577b1d9ab1ddc0.jpg,0,0,0,0,0,0,1,0,0
cropped_Image_101_jpg.rf.560b0621bfa6daa597e52cd46d00ce1e.jpg,0,0,0,0,0,0,1,0,0
cropped_Image_58_jpg.rf.d7884ef2cb6707247cdf6ae52eb89cc5.jpg,0,0,0,0,0,0,1,0,0
cropped_IMG_0187.jpg,0,0,0,0,0,0,1,0,0
cropped_IMG_0288.jpg,0,0,0,0,0,0,1,0,0
cropped_IMG_0459.jpg,0,0,0,0,0,0,1,0,0
cropped_IMG_1379.jpg,0,0,0,0,0,0,1,0,0
cropped_IMG_0966.jpg,0,0,0,0,0,0,1,0,0
cropped_IMG_0962 - Copy.jpg,0,0,0,0,0,0,1,0,0
cropped_IMG_1771.jpg,0,0,0,0,0,0,1,0,0
cropped_IMG_1777.jpg,0,0,0,0,0,0,1,0,0
cropped_IMG_20191127_130443_jpg.rf.6ab53adc555e803fa7c6d64c94c54ae9.jpg,0,0,0,0,0,0,1,0,0
cropped_IMG_0951.jpg,0,0,0,0,0,0,1,0,0
cropped_IMG_0953.jpg,0,0,0,0,0,0,1,0,0
cropped_IMG_0954.jpg,0,0,0,0,0,0,1,0,0
cropped_IMG_20191127_124648_jpg.rf.cafb84f9cef67ff47e4face703e791e6.jpg,0,0,0,0,0,0,1,0,0
cropped_IMG_20191127_130501_jpg.rf.61384edf690eead2a14c0b2383c75252.jpg,0,0,0,0,0,0,1,0,0
cropped_IMG_2623_JPG_jpg.rf.f6e6e9250d2048597dbee2653ee79eac.jpg,0,0,0,0,0,0,1,0,0
cropped_IMG_20191127_130507_jpg.rf.1329cb0d1024f93f7627bd1d3c44de29.jpg,0,0,0,0,0,0,1,0,0
cropped_IMG_8008.jpg,0,0,0,0,0,0,1,0,0
cropped_IMG_8261.jpg,0,0,0,0,0,0,1,0,0
cropped_IMG_3224-1_jpg.rf.30b28b8ea43b6abd6d655fc714612dca.jpg,0,0,0,0,0,0,1,0,0
cropped_IMG_8475.jpg,0,0,0,0,0,0,1,0,0
cropped_IMG_4760_JPG.rf.d41f48aaa298c7802359970cb29f03eb.jpg,0,0,0,0,0,0,1,0,0
cropped_IMG_7730.jpg,0,0,0,0,0,0,1,0,0
cropped_IMG_8325.jpg,0,0,0,0,0,0,1,0,0
cropped_IMG_8476.jpg,0,0,0,0,0,0,1,0,0
cropped_IMG_8477.jpg,0,0,0,0,0,0,1,0,0
cropped_IMG_9053.jpg,0,0,0,0,0,0,1,0,0
cropped_IMG_9063.jpg,0,0,0,0,0,0,1,0,0
cropped_IMG_9125.jpg,0,0,0,0,0,0,1,0,0
cropped_IMG_9064.jpg,0,0,0,0,0,0,1,0,0
cropped_IMG_9203.jpg,0,0,0,0,0,0,1,0,0
cropped_IMG_9228.jpg,0,0,0,0,0,0,1,0,0
cropped_IMG_9229.jpg,0,0,0,0,0,0,1,0,0
cropped_S__152387794_jpg.rf.0bba39f7b73d2d9f2c53b4c067b41959.jpg,0,0,0,0,0,0,1,0,0
cropped_IMG_9232.jpg,0,0,0,0,0,0,1,0,0
cropped_IMG_9235.jpg,0,0,0,0,0,0,1,0,0
cropped_IMG_9667.jpg,0,0,0,0,0,0,1,0,0
cropped_0glpfivg_mizoramearthquake650x400_625x300_22_June_20_webp.rf.ac48f6dab035d0a81c3bff8bd81e6f9a.jpg,0,0,0,0,0,0,0,0,1
cropped_54_jpg.rf.ad9eea387b0d928cdd973951f061e707.jpg,0,0,0,0,0,0,0,0,1
cropped_64c93092-4635-4f5c-bfcb-92dd7e5e004e-01.jpg,0,0,0,0,0,0,0,0,1
cropped_90_jpg.rf.01d74fb29ceca9208baa3f0054095878.jpg,0,0,0,0,0,0,0,0,1
cropped_CSD_272_jpg.rf.6b4490f9d220f884c44bb43af3de7fd0.jpg,0,0,0,0,0,0,0,0,1
cropped_CSD_273_jpg.rf.8953dd78e17b3581cd3e0ac1b1da6060.jpg,0,0,0,0,0,0,0,0,1
cropped_CSD_275_jpg.rf.edd47748b8a00048012ff0078af81bc6.jpg,0,0,0,0,0,0,0,0,1
cropped_CSD_300_jpg.rf.54c62ff82d13c8a5eb5fac8d04ae71c3.jpg,0,0,0,0,0,0,0,0,1
cropped_CSD_301_jpg.rf.747a659a125c11b7fd23e3aac64b5c1c.jpg,0,0,0,0,0,0,0,0,1
cropped_DSC_0060.jpg,0,0,0,0,0,0,0,0,1
cropped_da1327b1-f1ff-4e82-88d6-52871d7a86fc_jpg.rf.de0f2e2d42e12822ee80fd2f8195c494.jpg,0,0,0,0,0,0,0,0,1
cropped_DSC_0086.jpg,0,0,0,0,0,0,0,0,1
cropped_DSC_0094_JPG.rf.774b3a1f86e7c5eaea9ea5600ba6a202.jpg,0,0,0,0,0,0,0,0,1
cropped_DSC_0163_JPG.rf.5df3d2999d22e6a514a4cf28a7f96d4b.jpg,0,0,0,0,0,0,0,0,1
cropped_DSC_0326.jpg,0,0,0,0,0,0,0,0,1
cropped_DSC_0330.jpg,0,0,0,0,0,0,0,0,1
cropped_DSC_0332.jpg,0,0,0,0,0,0,0,0,1
cropped_DSC_0004.jpg,0,0,0,0,0,0,0,0,1
cropped_DSC_0004_JPG.rf.02b07bb80fc236a482c79fe57db377d3.jpg,0,0,0,0,0,0,0,0,1
cropped_DSC_0082.jpg,0,0,0,0,0,0,0,0,1
cropped_DSC_0332_JPG.rf.2bd0ca605b0ac2196df4d443e2781a75.jpg,0,0,0,0,0,0,0,0,1
cropped_ffa3c552-c888-49c9-ba26-90885fcf394e_jpg.rf.49c95fbf266528ae640bb4b060e32c05.jpg,0,0,0,0,0,0,0,0,1
cropped_DSC_0332_JPG_jpg.rf.2b2b284adb3701f0de7901f019106081.jpg,0,0,0,0,0,0,0,0,1
cropped_DSC_0333_JPG.rf.9ecc9700e58fe50491dd9bfd808b5d82.jpg,0,0,0,0,0,0,0,0,1
cropped_DSC_0333_JPG_jpg.rf.f9d82d72c0f5fcb749b4435b0cedf956.jpg,0,0,0,0,0,0,0,0,1
cropped_image1660_jpg.rf.0a7e00638574419eacf154b6227a477f.jpg,0,0,0,0,0,0,0,0,1
cropped_image2337_jpg.rf.da9b59e140d5a77da2bfacf845c4f693.jpg,0,0,0,0,0,0,0,0,1
cropped_image866_jpg.rf.481386f419ce8583ed0b5f53b042ddff.jpg,0,0,0,0,0,0,0,0,1
cropped_image643_jpg.rf.05db9e05018bc45a59aa3ad67a8d13d4.jpg,0,0,0,0,0,0,0,0,1
cropped_image643_jpg.rf.65ea86db4122180dcab8e36c22ad2a6e.jpg,0,0,0,0,0,0,0,0,1
cropped_image787_jpg.rf.1ebf0fdbed30d249fc8da4789aa1908c.jpg,0,0,0,0,0,0,0,0,1
cropped_image866_jpg.rf.fca51b9028e664b58a645013ab330b09.jpg,0,0,0,0,0,0,0,0,1
cropped_image892_jpg.rf.813b563cda4cbaf62f37e4dd0b0a15a4.jpg,0,0,0,0,0,0,0,0,1
cropped_IMG_0949.jpg,0,0,0,0,0,0,0,0,1
cropped_IMG_0964.jpg,0,0,0,0,0,0,0,0,1
cropped_IMG_0975.jpg,0,0,0,0,0,0,0,0,1
cropped_IMG_5475_JPG.rf.70af7c07201efee38890884d60fe49d6.jpg,0,0,0,0,0,0,0,0,1
cropped_main-qimg-4055a9cb70225cfe53da110331ce1a00-lq_jpg.rf.80025e2b880ca08c2476f53a6e8b5f6c.jpg,0,0,0,0,0,0,0,0,1
043_yang_jpg.rf.f7ff7728033483f08a54277ccfdba11f.jpg,0,0,0,1,0,0,0,0,0
157_yang_jpg.rf.c6f83f4103066db837f6828fc2c41c9f.jpg,0,0,0,1,0,0,0,0,0
12_jpg.rf.e6bf6209527ec008e3acdbd594efad7d.jpg,0,0,0,1,0,0,0,0,0
401_yang_jpg.rf.cba3b7c9cb14237f615afd09748c6bb6.jpg,0,0,0,1,0,0,0,0,0
6bf87d44-2ed4-4f73-ae43-27ca87bfe7c8_jpg.rf.7fde3d03f6c05a2fbe47d18428450809.jpg,0,0,0,1,0,0,0,0,0
815def54-6142-427b-af06-fd6e2a1110c3_jpg.rf.443147f7e56398a6a646dcb7b5bc7828.jpg,0,0,0,1,0,0,0,0,0
a0848d46-810c-4175-8456-9553b26fcb96_jpg.rf.559ae2efe5ae22786cd256975fb8d246.jpg,0,0,0,1,0,0,0,0,0
164_yang_jpg.rf.0d7d79ad4c7db516dd34aead72e9eb1a.jpg,0,0,0,1,0,0,0,0,0
CSD_001_jpg.rf.5396bcb0d6c01ef11d90cf634ae170b2.jpg,0,0,0,1,0,0,0,0,0
202_yang_jpg.rf.e8fda6bf028f9adfd9b663f37967f0f0.jpg,0,0,0,1,0,0,0,0,0
212_yang_jpg.rf.f688637b07f22ed0bccd529d9efcdf51.jpg,0,0,0,1,0,0,0,0,0
CSD_000_jpg.rf.f84947a0cf15ec96b1703e4590a1156f.jpg,0,0,0,1,0,0,0,0,0
CSD_003_jpg.rf.2fa798cfa549a91676903a0fbf549d52.jpg,0,0,0,1,0,0,0,0,0
CSD_017_jpg.rf.9f824164b27c38c733b2a61233a85389.jpg,0,0,0,1,0,0,0,0,0
CSD_018_jpg.rf.e296364f53a1b45935baeb9d4d1fdad9.jpg,0,0,0,1,0,0,0,0,0
CSD_014_jpg.rf.058e95ac0303873b7f4b4665379dc8d7.jpg,0,0,0,1,0,0,0,0,0
CSD_029_jpg.rf.3729d9ee90a71bf9c4a09c6baa18a366.jpg,0,0,0,1,0,0,0,0,0
CSD_015_jpg.rf.bcd47f529092b96fe4eac1653a15f82c.jpg,0,0,0,1,0,0,0,0,0
CSD_016_jpg.rf.4114124d1164205186cb2ac568491b44.jpg,0,0,0,1,0,0,0,0,0
CSD_036_jpg.rf.e2c3b41d5a8c19a9c8a5237441713847.jpg,0,0,0,1,0,0,0,0,0
CSD_019_jpg.rf.2b1b65c2f401c991886a2a6a67d5fe5d.jpg,0,0,0,1,0,0,0,0,0
CSD_031_jpg.rf.4a527123db45db8d29d1cf3b13fbd2ef.jpg,0,0,0,1,0,0,0,0,0
CLD_037_jpg.rf.a2e382558c133bbaa89c5238442f680e.jpg,0,0,0,0,1,0,0,0,0
CMD_053_jpg.rf.84295d42fb438e521ab568a888855b0d.jpg,0,0,0,0,1,0,0,0,0
CSD_096_jpg.rf.99c2501c5ad58b1e6b44712454c0ddd1.jpg,0,0,0,0,1,0,0,0,0
CSD_162_jpg.rf.b9a585b80ea2ec3ff63ca2ecc6c971d9.jpg,0,0,0,0,1,0,0,0,0
CSD_054_jpg.rf.8713d23baf34eab401319a0fc97efd0b.jpg,0,0,0,0,1,0,0,0,0
CSD_078_jpg.rf.9eb45aad36abfaa5a788773f29c8a4d5.jpg,0,0,0,0,1,0,0,0,0
DSC_0340_JPG_jpg.rf.ff3b6504584b818824dc3ca09b422469.jpg,0,0,0,0,1,0,0,0,0
CSD_095_jpg.rf.72ec8a95f0acbf77ea1dcd025bca9bc2.jpg,0,0,0,0,1,0,0,0,0
DSC_0066_JPG.rf.361bc411c7ab278bb3fb8b5bb9cf05a2.jpg,0,0,0,0,1,0,0,0,0
DSC_0109_JPG.rf.ad2ef12f5dca716634ef3def767a0dd9.jpg,0,0,0,0,1,0,0,0,0
26.jpg,1,0,0,0,0,0,0,0,0
3.jpg,1,0,0,0,0,0,0,0,0
CMD_010_jpg.rf.0fe0b106c147480dbc2a705c56f7fa2b.jpg,1,0,0,0,0,0,0,0,0
cropped_106_jpg.rf.9852ebb23a933ee032e4eae586cec0fb.jpg,1,0,0,0,0,0,0,0,0
cropped_112_jpg.rf.47cfd9dbce29bc7eef5da52f663b04f9.jpg,1,0,0,0,0,0,0,0,0
cropped_132_jpg.rf.062d007a3d2be51d45ed7a9f23269f3b.jpg,1,0,0,0,0,0,0,0,0
cropped_133_jpg.rf.69599fd7201c70b86c1cce685cb5426a.jpg,1,0,0,0,0,0,0,0,0
cropped_139_jpg.rf.9cbc5b229b905e50e8740f38fe2a7ad3.jpg,1,0,0,0,0,0,0,0,0
cropped_001256_jpg.rf.472737757fe8d4d03a3193d17a2a6294.jpg,1,0,0,0,0,0,0,0,0
cropped_00653_jpg.rf.107a787ee244277e2a9658ee0bf38d39.jpg,1,0,0,0,0,0,0,0,0
cropped_175_jpg.rf.6e731af2a715a74167078180c7c0ae89.jpg,1,0,0,0,0,0,0,0,0
cropped_105_jpg.rf.047ab3bacaae053784ac7906b92b7b96.jpg,1,0,0,0,0,0,0,0,0
cropped_20211104_114144.jpg,1,0,0,0,0,0,0,0,0
cropped_160_jpg.rf.7d60944b630fe0899f0f158d86e81768.jpg,1,0,0,0,0,0,0,0,0
cropped_167_jpg.rf.1820e9b535c8d65b1248ccb1993d7706.jpg,1,0,0,0,0,0,0,0,0
cropped_223_jpg.rf.02c61d2d6c9827ea82e24d5a1ff4b9ba.jpg,1,0,0,0,0,0,0,0,0
cropped_18_jpeg.rf.df146b07a2d0bb5ad8502ef6c9cd5201.jpg,1,0,0,0,0,0,0,0,0
cropped_231_jpg.rf.1dcd22eeab9df2260174e73946b7def7.jpg,1,0,0,0,0,0,0,0,0
cropped_212_jpg.rf.94047719991dd31bdcb677105a01e95f.jpg,1,0,0,0,0,0,0,0,0
cropped_216_jpg.rf.917b8cbce01a7e950deb20a72a0f63cb.jpg,1,0,0,0,0,0,0,0,0
cropped_35_jpeg.rf.e9a4b6e607b17b18f23fcea29626375c.jpg,1,0,0,0,0,0,0,0,0
cropped_37_jpeg.rf.5bbca80970527c8e4d264329bda02176.jpg,1,0,0,0,0,0,0,0,0
cropped_7c3fea92-8d62-4285-bf23-2a55e0f9fe8d.jpg,1,0,0,0,0,0,0,0,0
cropped_CLD_002_jpg.rf.8100e442135f57c53735e187729cd34b.jpg,1,0,0,0,0,0,0,0,0
cropped_CLD_004_jpg.rf.70457657cf84b01bb4e955670b192fbd.jpg,1,0,0,0,0,0,0,0,0
cropped_CLD_006_jpg.rf.2900a9d252006fddb7df91de139210d4.jpg,1,0,0,0,0,0,0,0,0
cropped_CLD_009_jpg.rf.3869fa0e91d056aa55f1ec666872a188.jpg,1,0,0,0,0,0,0,0,0
cropped_CLD_043_jpg.rf.db69989a87a1057d2a9e3c4bc69a04cc.jpg,1,0,0,0,0,0,0,0,0
cropped_CLD_051_jpg.rf.783452a0c10254e139f6c68aa24fef33.jpg,1,0,0,0,0,0,0,0,0
cropped_CMDdh_008_jpg.rf.0bf11f36437c86191567a182e84ee493.jpg,1,0,0,0,0,0,0,0,0
cropped_CMDdh_022_jpg.rf.8a2eec49e79b1afd4f0e55866d9493a7.jpg,1,0,0,0,0,0,0,0,0
cropped_230_jpg.rf.949e9f9618db8978df23e1e5cbfe70fb.jpg,1,0,0,0,0,0,0,0,0
cropped_CMDdh_025_jpg.rf.ac5f4028760eaa5761068d3dfab565b3.jpg,1,0,0,0,0,0,0,0,0
cropped_232_jpg.rf.c431827f237b4cb859bca5a9ca3e5f1d.jpg,1,0,0,0,0,0,0,0,0
cropped_233_jpg.rf.09b5b81bdf8c530f9c86000ea2600149.jpg,1,0,0,0,0,0,0,0,0
cropped_CMDdh_023_jpg.rf.2802d927651eddcafa8a065f53343c32.jpg,1,0,0,0,0,0,0,0,0
cropped_CMDdh_034_jpg.rf.cd60b9d1aad9214f714f1e84907baf7f.jpg,1,0,0,0,0,0,0,0,0
cropped_CMDdh_045_jpg.rf.d066a9eda80bbe08a23b9340c6d34757.jpg,1,0,0,0,0,0,0,0,0
cropped_CMDdh_046_jpg.rf.fc4fd93389add54aa8a94318885e5c60.jpg,1,0,0,0,0,0,0,0,0
cropped_CMDdh_051_jpg.rf.15e55071203ba8f11838976fd2309060.jpg,1,0,0,0,0,0,0,0,0
cropped_CMDdh_057_jpg.rf.b2717bb219f9a7080198557b5737b316.jpg,1,0,0,0,0,0,0,0,0
cropped_CMDdh_059_jpg.rf.df70be023527b67c6d715c90f7ad30ae.jpg,1,0,0,0,0,0,0,0,0
cropped_CMDdh_060_jpg.rf.22e50ab63b3eeefa2e09facd6ddd516e.jpg,1,0,0,0,0,0,0,0,0
cropped_CMDdh_061_jpg.rf.fc3f81d4026b6036a54c7071b35b17de.jpg,1,0,0,0,0,0,0,0,0
cropped_CMDdh_066_jpg.rf.87fed041ceab448917f1201cfde1e397.jpg,1,0,0,0,0,0,0,0,0
cropped_CMDdh_073_jpg.rf.b9273f8a3a054ba61b3302337ffd656d.jpg,1,0,0,0,0,0,0,0,0
cropped_CMDdh_035_jpg.rf.968a78c317cdf7ab054e477c2efe86e9.jpg,1,0,0,0,0,0,0,0,0
cropped_CMDdh_038_jpg.rf.d5109c9c18c0e336664e51894c69203c.jpg,1,0,0,0,0,0,0,0,0
cropped_CMDdh_039_jpg.rf.06de6a4b6ffee8bd13cc08dda59aec6c.jpg,1,0,0,0,0,0,0,0,0
cropped_CMDdh_091_jpg.rf.01b67219465ca395d39f5a2660d165d1.jpg,1,0,0,0,0,0,0,0,0
cropped_CMDdh_108_jpg.rf.4eab88cc209c1fb4ab4e01595f4480f0.jpg,1,0,0,0,0,0,0,0,0
cropped_CMDdh_116_jpg.rf.bae74836dabc675e3ff65254370d4b4d.jpg,1,0,0,0,0,0,0,0,0
cropped_CMDs_003_jpg.rf.93c9828141b466704907769980dfbe29.jpg,1,0,0,0,0,0,0,0,0
cropped_CMDv_001_jpg.rf.a75cee4cce5cc0665218ed475ee8de9b.jpg,1,0,0,0,0,0,0,0,0
cropped_CMDv_020_jpg.rf.d6fea576a24749a4367f447ad5449a3c.jpg,1,0,0,0,0,0,0,0,0
cropped_CND_040_jpg.rf.87b26612156b69326360d12d0e2b9ff8.jpg,1,0,0,0,0,0,0,0,0
cropped_CSD_002_jpg.rf.5d262bfa665c72bacd7270ee6de8795b.jpg,1,0,0,0,0,0,0,0,0
cropped_CSD_017_jpg.rf.f88598a63973e90621f7a5c8feeb54e6.jpg,1,0,0,0,0,0,0,0,0
cropped_CSD_025_jpg.rf.a219a0e7a41dc635a83d6881cb67fe9b.jpg,1,0,0,0,0,0,0,0,0
cropped_CSD_035_jpg.rf.f9d26c5f5badc2c5415ea995ade6448e.jpg,1,0,0,0,0,0,0,0,0
cropped_CSD_087_jpg.rf.689ad8de6a3952a1f39cd2c0aa652994.jpg,1,0,0,0,0,0,0,0,0
cropped_CSD_210_jpg.rf.ad2b135b4cd856a0b4e39d93281b7ff0.jpg,1,0,0,0,0,0,0,0,0
cropped_CSD_211_jpg.rf.1457978c906d9627d9938ddf7dec8f2f.jpg,1,0,0,0,0,0,0,0,0
cropped_CSD_248_jpg.rf.63f66ed1ae7b6cac32f41596dbb14ea5.jpg,1,0,0,0,0,0,0,0,0
cropped_CSD_255_jpg.rf.fd19aaff717e38fa8fa782b806665085.jpg,1,0,0,0,0,0,0,0,0
cropped_CSD_265_jpg.rf.73b7ac33d52ee39537161388b732e97e.jpg,1,0,0,0,0,0,0,0,0
cropped_CSD_292_jpg.rf.53c0b57e6189397c411a45b5d3a89e4a.jpg,1,0,0,0,0,0,0,0,0
cropped_CSD_294_jpg.rf.af05766edbbb9db4c9afecd76bf34160.jpg,1,0,0,0,0,0,0,0,0
cropped_CSD_298_jpg.rf.d8c6064516fdcc2601ea0affe91dde9f.jpg,1,0,0,0,0,0,0,0,0
cropped_data_1_ringan-17-_jpg.rf.8ea4f8277ebb142967550772d09072b5.jpg,1,0,0,0,0,0,0,0,0
cropped_CMDdh_074_jpg.rf.5ddf7b65889eee6f3923ba0ef98c2c2c.jpg,1,0,0,0,0,0,0,0,0
cropped_data_1_ringan-6-_jpeg.rf.02c90e809fd9be3ef9f9d27d58d2c9d9.jpg,1,0,0,0,0,0,0,0,0
cropped_CMDdh_075_jpg.rf.dda39389aff1a2703c178a1091c25dde.jpg,1,0,0,0,0,0,0,0,0
cropped_data_1_ringan-9-_jpeg.rf.ee7b9bd90ed8f7cce062d17f44e20732.jpg,1,0,0,0,0,0,0,0,0
cropped_CMDdh_085_jpg.rf.4db85efaf5801d73b64e69dd3db0a5b3.jpg,1,0,0,0,0,0,0,0,0
cropped_data_2_sedang-18-_jpg.rf.4298a7732b69e1b9116dc82b72896598.jpg,1,0,0,0,0,0,0,0,0
cropped_data_1_ringan-4-_jpg.rf.e69202401e75164cd2ccae1053b52a39.jpg,1,0,0,0,0,0,0,0,0
cropped_DSC08632_JPG.rf.4247aca9cfe05c216adb1922cfa438f1.jpg,1,0,0,0,0,0,0,0,0
cropped_data_1_ringan-7-_jpg.rf.7374f4ee50fc43c7794bb241e6f02cee.jpg,1,0,0,0,0,0,0,0,0
cropped_DSC_00071_JPG.rf.98d46435558dcfc16c32a4c77eeba3c5.jpg,1,0,0,0,0,0,0,0,0
cropped_data_2_sedang-14-_jpg.rf.963cd1797aab5fdfb5da7595d2cb45cd.jpg,1,0,0,0,0,0,0,0,0
cropped_data_2_sedang-5-_jpg.rf.dee43856795e22bacaf560b30eadeebf.jpg,1,0,0,0,0,0,0,0,0
cropped_DSC_0019.jpg,1,0,0,0,0,0,0,0,0
cropped_DSC_0023.jpg,1,0,0,0,0,0,0,0,0
cropped_DSC_0023_JPG.rf.d1bb4bec1e4753a28158a621679da9b1.jpg,1,0,0,0,0,0,0,0,0
cropped_DSC_0024.jpg,1,0,0,0,0,0,0,0,0
cropped_DSC_0024_JPG.rf.858970852e451d1542fd550b83141f92.jpg,1,0,0,0,0,0,0,0,0
cropped_DSC_0027_JPG_jpg.rf.d23e5cd12048b8c39af2d2f633ed1635.jpg,1,0,0,0,0,0,0,0,0
cropped_DSC_0030_JPG.rf.11fbfdd6d47fdb5c9ecdd2ab07913611.jpg,1,0,0,0,0,0,0,0,0
cropped_DSC_00550_JPG.rf.3fdb139a2ffdc427557c4d18bb550e41.jpg,1,0,0,0,0,0,0,0,0
cropped_DSC_0062_JPG.rf.d712ceec828b8f5685ba6207377f1948.jpg,1,0,0,0,0,0,0,0,0
cropped_DSC_0066_JPG.rf.361bc411c7ab278bb3fb8b5bb9cf05a2.jpg,1,0,0,0,0,0,0,0,0
cropped_DSC_0069.jpg,1,0,0,0,0,0,0,0,0
cropped_DSC_0004_JPG_jpg.rf.fd84da01ecb478f5daffc72ef4c686a3.jpg,1,0,0,0,0,0,0,0,0
cropped_DSC_0071_JPG.rf.f38c7fdc6885023be5436c1833a32acc.jpg,1,0,0,0,0,0,0,0,0
cropped_DSC_00081_JPG.rf.9794b03559b7583c595f65c58ac401b5.jpg,1,0,0,0,0,0,0,0,0
cropped_DSC_0074_JPG.rf.8db32435dc94d57c4f9a38edfe96ee40.jpg,1,0,0,0,0,0,0,0,0
cropped_DSC_0014.jpg,1,0,0,0,0,0,0,0,0
cropped_DSC_0079_JPG_jpg.rf.72fc881c78828740166647b8c75517f1.jpg,1,0,0,0,0,0,0,0,0
cropped_DSC_0070_JPG.rf.806ed96ae3635b6b16a3857e4211f889.jpg,1,0,0,0,0,0,0,0,0
cropped_DSC_0091_JPG_jpg.rf.33123b2cf02f5a5ccb4582b66b19fef6.jpg,1,0,0,0,0,0,0,0,0
cropped_DSC_0073.jpg,1,0,0,0,0,0,0,0,0
cropped_DSC_0094.jpg,1,0,0,0,0,0,0,0,0
cropped_DSC_0098.jpg,1,0,0,0,0,0,0,0,0
cropped_DSC_0099.jpg,1,0,0,0,0,0,0,0,0
cropped_DSC_0099_JPG.rf.4f52615d6bcf50518f40efc3226042c7.jpg,1,0,0,0,0,0,0,0,0
cropped_DSC_0102_JPG.rf.e8679ae9779d531138b2225f946fee19.jpg,1,0,0,0,0,0,0,0,0
cropped_DSC_01035_JPG.rf.3bdc3682558a711ec3fb27bec3e69d99.jpg,1,0,0,0,0,0,0,0,0
cropped_DSC_01039_JPG_jpg.rf.bd7df0de612d9a2db5b68664d6447a80.jpg,1,0,0,0,0,0,0,0,0
cropped_DSC_0104_JPG.rf.81f507632b6c8d12ec52850b44769f3a.jpg,1,0,0,0,0,0,0,0,0
cropped_DSC_0105_JPG.rf.d335da6c09b03036e39b775d01c53428.jpg,1,0,0,0,0,0,0,0,0
cropped_DSC_0105_JPG_jpg.rf.e5823d3adda434a3d203056c7c31868e.jpg,1,0,0,0,0,0,0,0,0
cropped_DSC_0109_JPG.rf.ad2ef12f5dca716634ef3def767a0dd9.jpg,1,0,0,0,0,0,0,0,0
cropped_DSC_0078_JPG.rf.600a6bc679e407b3c62b26ff202c8ea8.jpg,1,0,0,0,0,0,0,0,0
cropped_DSC_0088 - Copy.jpg,1,0,0,0,0,0,0,0,0
cropped_DSC_0210.jpg,1,0,0,0,0,0,0,0,0
cropped_DSC_0092_JPG.rf.79789dc55df68897a7359468bd81c8d4.jpg,1,0,0,0,0,0,0,0,0
cropped_DSC_0269.jpg,1,0,0,0,0,0,0,0,0
cropped_DSC_0277.jpg,1,0,0,0,0,0,0,0,0
cropped_DSC_0287_JPG.rf.017c3fcb8b7f9289bc9b00c44d70c7cc.jpg,1,0,0,0,0,0,0,0,0
cropped_DSC_0367.jpg,1,0,0,0,0,0,0,0,0
cropped_DSC_0377_JPG.rf.0c58509fed80c3f5be32b2fe21102ce1.jpg,1,0,0,0,0,0,0,0,0
cropped_DSC_0377_JPG_jpg.rf.8ecf0ac3d8c8f359f846dbb8703b7a93.jpg,1,0,0,0,0,0,0,0,0
cropped_DSC_0404.jpg,1,0,0,0,0,0,0,0,0
cropped_DSC_0411 - Copy.jpg,1,0,0,0,0,0,0,0,0
cropped_DSC_0421.jpg,1,0,0,0,0,0,0,0,0
cropped_DSC_0430 - Copy.jpg,1,0,0,0,0,0,0,0,0
cropped_DSC_0545.jpg,1,0,0,0,0,0,0,0,0
cropped_DSC_0551.jpg,1,0,0,0,0,0,0,0,0
cropped_DSC_0552.jpg,1,0,0,0,0,0,0,0,0
cropped_DSC_0610_JPG.rf.c0302c1c4e5dcbf6d383169a4292e4e1.jpg,1,0,0,0,0,0,0,0,0
cropped_DSC_0584.jpg,1,0,0,0,0,0,0,0,0
cropped_DSC_0675_JPG_jpg.rf.b914304bb1a155a5d2cc1e333e8bc36c.jpg,1,0,0,0,0,0,0,0,0
cropped_DSC_0824.jpg,1,0,0,0,0,0,0,0,0
cropped_DSC_0842.jpg,1,0,0,0,0,0,0,0,0
cropped_DSC_0826.jpg,1,0,0,0,0,0,0,0,0
cropped_DSC_0861.jpg,1,0,0,0,0,0,0,0,0
cropped_DSC_0862.jpg,1,0,0,0,0,0,0,0,0
cropped_DSC_0863.jpg,1,0,0,0,0,0,0,0,0
cropped_DSC_0128.jpg,1,0,0,0,0,0,0,0,0
cropped_DSC_0200.jpg,1,0,0,0,0,0,0,0,0
cropped_DSC_0898.jpg,1,0,0,0,0,0,0,0,0
cropped_DSC_02198_JPG_jpg.rf.2e8b043be22e97c5b5e0089eca24d6c5.jpg,1,0,0,0,0,0,0,0,0
cropped_DSC_0915.jpg,1,0,0,0,0,0,0,0,0
cropped_DSC_0865.jpg,1,0,0,0,0,0,0,0,0
cropped_DSC_0987.jpg,1,0,0,0,0,0,0,0,0
cropped_DSC_0979.jpg,1,0,0,0,0,0,0,0,0
cropped_DSC_0990.jpg,1,0,0,0,0,0,0,0,0
cropped_DSC_0991.jpg,1,0,0,0,0,0,0,0,0
cropped_DSC_40006_JPG.rf.e782bbf865f51a2f8f746ab894859316.jpg,1,0,0,0,0,0,0,0,0
cropped_DSC_0897.jpg,1,0,0,0,0,0,0,0,0
cropped_DSC_0902.jpg,1,0,0,0,0,0,0,0,0
cropped_IMAG0484.jpg,1,0,0,0,0,0,0,0,0
cropped_DSC_0977.jpg,1,0,0,0,0,0,0,0,0
cropped_DSC_40009_JPG.rf.81329e22e5572fff2d9ac356906f605b.jpg,1,0,0,0,0,0,0,0,0
cropped_image1184_jpg.rf.e33ab786349748161c4c66253d128e23.jpg,1,0,0,0,0,0,0,0,0
cropped_image1277_jpg.rf.035349ced1f84ed78421a4d49bf56d61.jpg,1,0,0,0,0,0,0,0,0
cropped_image1277_jpg.rf.22442adb1fa3547353680024faea2215.jpg,1,0,0,0,0,0,0,0,0
cropped_image1320_jpg.rf.98efee493aa43a784c454282ce923213.jpg,1,0,0,0,0,0,0,0,0
cropped_image1358_jpg.rf.7dc30a7a4708aee37847e5dde8e97d9c.jpg,1,0,0,0,0,0,0,0,0
cropped_image1401_jpg.rf.c732191effeaf2cb30d6d3486e52de93.jpg,1,0,0,0,0,0,0,0,0
cropped_image140_jpg.rf.3de29c8719d5034296c1969a646f0cfd.jpg,1,0,0,0,0,0,0,0,0
cropped_IMAG0471.jpg,1,0,0,0,0,0,0,0,0
cropped_IMAG0577.jpg,1,0,0,0,0,0,0,0,0
cropped_IMAG0625.jpg,1,0,0,0,0,0,0,0,0
cropped_image1450_jpg.rf.45d21357ca2b209407542c3cdb69a775.jpg,1,0,0,0,0,0,0,0,0
cropped_image1882_jpg.rf.0cee195c87813db726ce6ccf432657f9.jpg,1,0,0,0,0,0,0,0,0
cropped_image2138_jpg.rf.18a221b911fb299ac5bff7a1f6c0fc9f.jpg,1,0,0,0,0,0,0,0,0
cropped_image2185_jpg.rf.9916ed11bc362815a04926201d16d58c.jpg,1,0,0,0,0,0,0,0,0
cropped_image2214_jpg.rf.86af63b3092faaceb3e2cbab3f9b7ea4.jpg,1,0,0,0,0,0,0,0,0
cropped_image2336_jpg.rf.e2566d13465de9f13ce9d27fac227bd5.jpg,1,0,0,0,0,0,0,0,0
cropped_image2452_jpg.rf.655e05467ec84163d32800b2f028a742.jpg,1,0,0,0,0,0,0,0,0
cropped_image2474_jpg.rf.5546e732ba84c433fb9c3ca6af2ae5ec.jpg,1,0,0,0,0,0,0,0,0
cropped_image2493_jpg.rf.fd7315deb0e5b57f25999c66dcb1ccf3.jpg,1,0,0,0,0,0,0,0,0
cropped_image2520_jpg.rf.45baa3e7f2d232f53886b393a0e67053.jpg,1,0,0,0,0,0,0,0,0
cropped_image28_jpg.rf.1514ba97082de9bc884cb0e1e5b9517c.jpg,1,0,0,0,0,0,0,0,0
cropped_image413_jpg.rf.331674850446b63b35b1b6286ed809fe.jpg,1,0,0,0,0,0,0,0,0
cropped_image420_jpg.rf.06ba52db0ed7e9f99db33fd324ab6b38.jpg,1,0,0,0,0,0,0,0,0
cropped_image482_jpg.rf.8d3a834d04616bcf6b0ae8b187f01f19.jpg,1,0,0,0,0,0,0,0,0
cropped_image56_jpg.rf.919b9fb7d6ad502a306282fd5e86043b.jpg,1,0,0,0,0,0,0,0,0
cropped_IMG_0130_JPG.rf.1eb6478be01411b95381b60174232ddb.jpg,1,0,0,0,0,0,0,0,0
cropped_IMG_0139_JPG.rf.09b01bd000c2208305c92b1287253943.jpg,1,0,0,0,0,0,0,0,0
cropped_IMG_0177.jpg,1,0,0,0,0,0,0,0,0
cropped_IMG_0256.jpg,1,0,0,0,0,0,0,0,0
cropped_IMG_0286.jpg,1,0,0,0,0,0,0,0,0
cropped_IMG_0287.jpg,1,0,0,0,0,0,0,0,0
cropped_IMG_0290.jpg,1,0,0,0,0,0,0,0,0
cropped_image1462_jpg.rf.9dba200bc77a72c3c5c1d142b4874e0c.jpg,1,0,0,0,0,0,0,0,0
cropped_image1575_jpg.rf.2e8999d1112fc8b8b8b9f030e4e202a3.jpg,1,0,0,0,0,0,0,0,0
cropped_IMG_0454.jpg,1,0,0,0,0,0,0,0,0
cropped_image1612_jpg.rf.af270dc5a0915093926338a9a231d137.jpg,1,0,0,0,0,0,0,0,0
cropped_IMG_0466.jpg,1,0,0,0,0,0,0,0,0
cropped_IMG_0469.jpg,1,0,0,0,0,0,0,0,0
cropped_IMG_0897.jpg,1,0,0,0,0,0,0,0,0
cropped_IMG_0962.jpg,1,0,0,0,0,0,0,0,0
cropped_IMG_0965.jpg,1,0,0,0,0,0,0,0,0
cropped_IMG_0968.jpg,1,0,0,0,0,0,0,0,0
cropped_IMG_0969.jpg,1,0,0,0,0,0,0,0,0
cropped_IMG_0974.jpg,1,0,0,0,0,0,0,0,0
cropped_IMG_0977.jpg,1,0,0,0,0,0,0,0,0
cropped_IMG_0980.jpg,1,0,0,0,0,0,0,0,0
cropped_IMG_1362.jpg,1,0,0,0,0,0,0,0,0
cropped_IMG_1410.jpg,1,0,0,0,0,0,0,0,0
cropped_IMG_0338.jpg,1,0,0,0,0,0,0,0,0
cropped_IMG_20181020_074940.jpg,1,0,0,0,0,0,0,0,0
cropped_IMG_0451.jpg,1,0,0,0,0,0,0,0,0
cropped_IMG_3588_JPG_jpg.rf.d1bc30c021a13b063961154a313c9217.jpg,1,0,0,0,0,0,0,0,0
cropped_IMG_0464.jpg,1,0,0,0,0,0,0,0,0
cropped_IMG_4837_JPG_jpg.rf.4fe9b200a044fd2369b02a4c292d1a34.jpg,1,0,0,0,0,0,0,0,0
cropped_IMG_1776.jpg,1,0,0,0,0,0,0,0,0
cropped_IMG_7368_JPG.rf.4904001a893154d126a526c6e3ab559d.jpg,1,0,0,0,0,0,0,0,0
cropped_IMG_7429.jpg,1,0,0,0,0,0,0,0,0
cropped_IMG_7434.jpg,1,0,0,0,0,0,0,0,0
cropped_IMG_7435.jpg,1,0,0,0,0,0,0,0,0
cropped_IMG_3554_JPG_jpg.rf.84b357b901ea5a5d1e7f585fad095311.jpg,1,0,0,0,0,0,0,0,0
cropped_IMG_4759_JPG_jpg.rf.524f6cb1dd8952de6542654727e8e526.jpg,1,0,0,0,0,0,0,0,0
cropped_IMG_7653.jpg,1,0,0,0,0,0,0,0,0
cropped_IMG_5489_JPG.rf.dbd1fd0936c508523d526cb9a2763e61.jpg,1,0,0,0,0,0,0,0,0
cropped_IMG_7671.jpg,1,0,0,0,0,0,0,0,0
cropped_IMG_7734.jpg,1,0,0,0,0,0,0,0,0
cropped_IMG_8009.jpg,1,0,0,0,0,0,0,0,0
cropped_IMG_8020.jpg,1,0,0,0,0,0,0,0,0
cropped_IMG_8020_JPG.rf.84a14edd43b74f0ae3eb034f754a29d9.jpg,1,0,0,0,0,0,0,0,0
cropped_IMG_8337.jpg,1,0,0,0,0,0,0,0,0
cropped_IMG_8474.jpg,1,0,0,0,0,0,0,0,0
cropped_IMG_8677.jpg,1,0,0,0,0,0,0,0,0
cropped_IMG_7437.jpg,1,0,0,0,0,0,0,0,0
cropped_IMG_7652.jpg,1,0,0,0,0,0,0,0,0
cropped_IMG_9091.jpg,1,0,0,0,0,0,0,0,0
cropped_IMG_9204.jpg,1,0,0,0,0,0,0,0,0
cropped_IMG_7665.jpg,1,0,0,0,0,0,0,0,0
cropped_IMG_9230.jpg,1,0,0,0,0,0,0,0,0
cropped_IMG_9231.jpg,1,0,0,0,0,0,0,0,0
cropped_IMG_9249_JPG.rf.6bad9ddae6f81fbb1c1f3ee9e0d82215.jpg,1,0,0,0,0,0,0,0,0
cropped_istockphoto-1216400396-612x612_jpg.rf.0d47791e0ca4092cac4ee69bd0e0f065.jpg,1,0,0,0,0,0,0,0,0
cropped_IMG_9065.jpg,1,0,0,0,0,0,0,0,0
cropped_IMG_9090.jpg,1,0,0,0,0,0,0,0,0
cropped_IMG_9205.jpg,1,0,0,0,0,0,0,0,0
36.jpg,0,0,0,0,0,0,0,1,0
cropped_0707020001-08-Cracks-due-to-settlement-of-soil_jpg.rf.c4e70d20e7bdc9c1fcd38ac8dcd0bd83.jpg,0,0,0,0,0,0,0,1,0
cropped_208_jpg.rf.9ad94ff662622f345d01088182509e16.jpg,0,0,0,0,0,0,0,1,0
cropped_31_jpg.rf.8ac2006129ee70e585d9c0c852275749.jpg,0,0,0,0,0,0,0,1,0
cropped_77_jpg.rf.b8bc923a3daf12e7f2a43cf75b6ca7af.jpg,0,0,0,0,0,0,0,1,0
cropped_CMDdh_068_jpg.rf.87337c9a072ddd72159d40c95e767bdc.jpg,0,0,0,0,0,0,0,1,0
cropped_CMDdh_087_jpg.rf.79d0b3c89c52f2146a2aa8687ed496f4.jpg,0,0,0,0,0,0,0,1,0
cropped_CMDdh_102_jpg.rf.bde77fbd9786e2526260702d750d81f2.jpg,0,0,0,0,0,0,0,1,0
cropped_CMDdh_118_jpg.rf.dd93db6e78081aadf031b5f292e19ed4.jpg,0,0,0,0,0,0,0,1,0
cropped_CMDs_000_jpg.rf.4296d93708c0cd70a3f1b60a32b5a57f.jpg,0,0,0,0,0,0,0,1,0
cropped_CMDv_017_jpg.rf.a0fe9cfd3d30e0036a18fed35e04cc21.jpg,0,0,0,0,0,0,0,1,0
cropped_CSD_279_jpg.rf.802fd227f33ada61b3042e8a87aa5c35.jpg,0,0,0,0,0,0,0,1,0
cropped_CSD_280_jpg.rf.2ed2b955599457fc96daa62cd05b2827.jpg,0,0,0,0,0,0,0,1,0
cropped_d2d84c94-f0b3-4676-82ca-ad83073d334e_jpg.rf.406d336c42f024be2869e60dc1471671.jpg,0,0,0,0,0,0,0,1,0
cropped_data_2_sedang-19-_jpg.rf.0752fb6a8401993c25165469b77a01c9.jpg,0,0,0,0,0,0,0,1,0
cropped_DSC_0031_JPG.rf.760591c7093cc9ff26ecb8c6b5cc0d54.jpg,0,0,0,0,0,0,0,1,0
cropped_DSC_0062.jpg,0,0,0,0,0,0,0,1,0
cropped_DSC_0063_JPG_jpg.rf.876e58473c26967a5c9e76a0843151b1.jpg,0,0,0,0,0,0,0,1,0
cropped_DSC_0072.jpg,0,0,0,0,0,0,0,1,0
cropped_DSC_00741_JPG.rf.46c0320f033d87bfe1384b83b364ffc6.jpg,0,0,0,0,0,0,0,1,0
cropped_DSC_00751_JPG.rf.557b2d718a1afee15423dd1e7ef0cda0.jpg,0,0,0,0,0,0,0,1,0
cropped_DSC_0075_JPG.rf.118f0b145403fb8f2f5795fa340bf8f6.jpg,0,0,0,0,0,0,0,1,0
cropped_DSC_0076.jpg,0,0,0,0,0,0,0,1,0
cropped_DSC_0076_JPG.rf.40205089d21a3b400bed1668cd43ae00.jpg,0,0,0,0,0,0,0,1,0
cropped_DSC_0081.jpg,0,0,0,0,0,0,0,1,0
cropped_125_jpg.rf.778843b8b188e72a44e9600e98a1bf11.jpg,0,0,0,0,0,0,0,1,0
cropped_DSC_0107.jpg,0,0,0,0,0,0,0,1,0
cropped_1_jpg.rf.7dc98acdf8c8d36886acb006f9920441.jpg,0,0,0,0,0,0,0,1,0
cropped_207_jpg.rf.68fe83b72325188e2d5d510011e2ee41.jpg,0,0,0,0,0,0,0,1,0
cropped_DSC_0253_JPG_jpg.rf.986f68eb7f55989d1126933d1b7ba809.jpg,0,0,0,0,0,0,0,1,0
cropped_DSC_0088.jpg,0,0,0,0,0,0,0,1,0
cropped_DSC_0098_JPG_jpg.rf.7d88a0a49da022f6a9a44fd232e53f92.jpg,0,0,0,0,0,0,0,1,0
cropped_DSC_0253_JPG.rf.7752c743491c1c63febd9ac2c3dc68c4.jpg,0,0,0,0,0,0,0,1,0
cropped_DSC_0260.jpg,0,0,0,0,0,0,0,1,0
cropped_DSC_0307_JPG.rf.413a109ec9cce27d58563d28fbc71c38.jpg,0,0,0,0,0,0,0,1,0
cropped_DSC_0307_JPG_jpg.rf.2e31222f8bd95050f0e3656367a4297a.jpg,0,0,0,0,0,0,0,1,0
cropped_DSC_0320_JPG_jpg.rf.083dcae865dd0cba939db0889000904a.jpg,0,0,0,0,0,0,0,1,0
cropped_DSC_0321_JPG.rf.2876afb9e75ca8dfe261b9898bb9e103.jpg,0,0,0,0,0,0,0,1,0
cropped_DSC_0321_JPG_jpg.rf.b885ca8bcbd8a8074f9a8597db936111.jpg,0,0,0,0,0,0,0,1,0
cropped_DSC_0327.jpg,0,0,0,0,0,0,0,1,0
cropped_DSC_0331.jpg,0,0,0,0,0,0,0,1,0
cropped_DSC_0340_JPG_jpg.rf.ff3b6504584b818824dc3ca09b422469.jpg,0,0,0,0,0,0,0,1,0
cropped_DSC_0341_JPG.rf.6416c01a05d68ffd244bc8494fcf12d1.jpg,0,0,0,0,0,0,0,1,0
cropped_DSC_0341_JPG_jpg.rf.de006f0a3a9c40636331ffbc38deb31b.jpg,0,0,0,0,0,0,0,1,0
cropped_DSC_0360_JPG.rf.54705b5424b8b1b415c831e7a7986d9d.jpg,0,0,0,0,0,0,0,1,0
cropped_DSC_0431.jpg,0,0,0,0,0,0,0,1,0
cropped_DSC_0440.jpg,0,0,0,0,0,0,0,1,0
cropped_DSC_0613_JPG_jpg.rf.02b7a608348df7ce1e5d299b7d3496d5.jpg,0,0,0,0,0,0,0,1,0
cropped_DSC_0864.jpg,0,0,0,0,0,0,0,1,0
cropped_ee8f0f33-036d-4f5f-b445-4b76e12d3ea8_jpg.rf.119baa8d3e2657cdfec4e4968be9087e.jpg,0,0,0,0,0,0,0,1,0
cropped_IMAG0586.jpg,0,0,0,0,0,0,0,1,0
cropped_IMAG0588.jpg,0,0,0,0,0,0,0,1,0
cropped_IMAG0590.jpg,0,0,0,0,0,0,0,1,0
cropped_image1108_jpg.rf.18bbc564109a1d09cbfe5a339f4d6dbb.jpg,0,0,0,0,0,0,0,1,0
cropped_image1157_jpg.rf.06deca82e8c93df39105fbfca695c9bc.jpg,0,0,0,0,0,0,0,1,0
cropped_image1794_jpg.rf.5646d7e4033bc466c261633926b63131.jpg,0,0,0,0,0,0,0,1,0
cropped_DSC_0276_JPG.rf.816d90191dc23e4a9c9effd6d23b5247.jpg,0,0,0,0,0,0,0,1,0
cropped_image1922_jpg.rf.7277c2a6e46113e0e7c4345ecd740483.jpg,0,0,0,0,0,0,0,1,0
cropped_DSC_0285_JPG.rf.ded891261a917ece6981ace772705b75.jpg,0,0,0,0,0,0,0,1,0
cropped_image93-2-_jpg.rf.68a1ef6b769bd1b85f6065f0aacb27af.jpg,0,0,0,0,0,0,0,1,0
cropped_DSC_0290_JPG.rf.a57d06021718d5aeeb7f8b2b8ff15ad4.jpg,0,0,0,0,0,0,0,1,0
cropped_IMG_1906_JPG_jpg.rf.99afe0d4df8bf17e2392f21cbf645bfb.jpg,0,0,0,0,0,0,0,1,0
cropped_image1922_jpg.rf.1cf6557a3962ef63a49b805e3077ca28.jpg,0,0,0,0,0,0,0,1,0
cropped_image29_jpg.rf.51e64ef936ef2de033c3b87d6085b391.jpg,0,0,0,0,0,0,0,1,0
cropped_IMG_9234.jpg,0,0,0,0,0,0,0,1,0
cropped_IMG_1723_JPG_jpg.rf.f7bf353d6c31d2949801071acb685bf5.jpg,0,0,0,0,0,0,0,1,0
cropped_IMG_8326.jpg,0,0,0,0,0,0,0,1,0
cropped_IMG_8491.jpg,0,0,0,0,0,0,0,1,0
